1号电池,2
用剩下1千克石膏,64
用剩下的1千克水泥,64
502胶水,8
华为P20,4
3.5英寸软盘,8
504胶水,8
504胶水废包装,8
A4纸,4
5号电池,2
5号干电池,2
7号电池,2
ipad,4
PIZZA盒,8
xbox,4
cd,4
CD机,4
cpu,4
PVC瓶,4
kindle,4
KINDLE壳,8
led灯,2
LED灯泡,2
iphone x,4
IPHONE手机,4
PET瓶,4
PE塑料袋,8
pe塑料盒,4
zippo打火机,8
kt板,4
pp管,4
U盘,4
U型回形针,8
x光胶片,2
x光片,2
X光片等感光胶片,2
阿尔卑斯糖,16
阿华田,16
阿司匹林,2
艾草,16
艾叶,16
安全帽,4
安全套,8
安全座椅,32
过期安全套,8
施工安全帽,4
用过的安全套,8
按摩棒,8
密胺餐具,4
密胺碗,4
档案袋,4
肮脏塑料袋,8
棉袄,4
芭蕉叶,16
八宝饭,16
八宝粥,16
八角,16
巴旦木壳,16
锅巴,16
泥巴,8
星巴克纸杯,8
海绵拖把,8
旧拖把,8
门把手,4
扫把,8
塑料拖把,8
拖把,8
浴霸灯,4
浴霸灯泡,2
白板,32
白板笔,8
白菜,16
白菜叶,16
白炽灯,2
白炽灯泡,2
白纸,4
白煮蛋壳,16
大白菜,16
蛋白素肉包装袋,8
画过画的白纸,8
茭白,16
茭白皮,16
漂白粉,8
漂白剂罐,2
百洁布,8
玻璃摆件,4
枯枝败叶,16
一般铁罐,4
板擦儿,8
板凳,32
板栗,16
板栗壳,16
插线板,4
炒板栗,16
床板,64
地板,64
电池板,2
电路板,4
电路主板,4
废纸板,4
复印件纸板,4
黑板,32
厚纸板,4
黄板纸,4
黄纸板,4
集成电路板,4
家用电器内的电路板,4
胶囊药片底板,2
脚踏板,8
接线板,4
旧木板,64
旧小黑板,8
快递纸板,4
快递纸板箱,4
铝塑板,64
木板,64
木铲板,4
木地板,64
木砧板,4
木质菜板,4
泡沫板,4
乒乓板,8
平板玻璃,4
平板电脑,4
破木板,64
石膏板,64
塑胶地板,64
塑料板,4
塑料垫板,4
桃板,16
铁板,4
拖线板,4
污染过的纸板箱,8
线路板,4
小块地板,64
亚克力板,4
颜料板,8
药品铝塑板,2
硬板纸,4
硬纸板,4
粘鼠板,8
砧板,4
纸板,4
纸板箱,4
主板,4
主机板,4
复印件版纸,4
干拌面,16
搅拌棒,8
搅拌勺,8
木质搅拌棒,8
花瓣,16
衣服半成品,4
手办,4
蹄膀,16
鸡翅膀,16
鸡翅膀的骨头,16
蹄膀的骨头,8
蹄膀骨头,8
棒棒糖,16
棒棒糖杆,8
棒骨,8
冰棍棒,8
冰激凌木棒,8
吃过的棒棒糖,8
大棒骨,8
大骨棒,8
骨头棒,8
鸡棒骨,16
鸡骨棒,16
胶棒,8
卷发棒,4
冷饮棒,8
滤芯棒,8
棉棒,8
棉花棒,8
棉签棒,8
烧烤棒,8
熟玉米棒,16
铁棒,4
橡胶棒,8
炫彩棒,8
雪糕棒,8
雪糕棒子,8
牙签棒,8
验孕棒,8
荧光棒,8
油画棒,8
玉米棒,16
震动棒,4
猪棒骨,8
自慰棒,4
蚌壳,8
面包,16
包包,4
包菜叶子,16
包蛋糕的塑料袋,8
包狗屎的纸巾,8
包海鲜的袋子,8
包了番茄皮的纸巾,8
包书膜,8
包书皮,8
包书纸,4
包装薄膜,8
包装材料,8
包装袋,8
包装干燥剂,8
包装食品袋,8
包装塑料袋,8
包装塑料纸,8
包装箱,4
包装用纸,4
包装纸,4
包装纸盒,4
包装纸箱,4
包子,16
饼干包装袋,8
布包,4
餐巾纸包装,8
茶包,8
茶包袋,8
茶叶包,8
茶叶包装袋,8
打包袋,8
打包的剩饭菜,16
打包盒,8
打包锡纸盒,8
大米包装袋,8
带血包装袋,8
带油包装皮,8
蛋糕包装,8
蛋糕包装袋,8
蛋糕包装盒,8
蛋黄饼包装盒,4
蛋黄饼塑料包装盒,8
蛋黄月饼塑料包装盒,8
电脑包,4
电子塑料包装,4
调料包,16
调料包装,8
调料塑料包装,8
豆腐包袋盒,8
镀铝膜包装,8
帆布包,4
方便面的调料包,8
方便面调料包,8
方便面料包,16
方便面纸盒包装,8
肥皂外包装,8
废弃布包,4
废弃书包,4
服装包装袋,8
复合包装,8
复合软包装,4
干燥剂（食品包装内）,8
各式皮包,4
公文包,4
挂耳咖啡包,8
过期面包,16
汉堡包,16
荷包蛋,16
盒马塑料包装盒,8
花茶包,8
化学试剂包装玻璃瓶,2
化妆品包装袋,8
火锅包装,8
酱油包装纸,8
金属包装盒,4
酒精棉片包装袋,8
旧包皮革,4
旧背包,4
旧皮包,4
旧手提包,4
旧书包,4
咖啡包,16
咖啡包装袋,8
空调包装,4
口香糖包装纸,8
快递包装袋,8
快递包装盒,4
快递包装纸,8
快递塑料包装纸,8
辣条包装袋,8
乐利包,4
冷冻食品塑料包装,8
冷饮包装,8
冷饮包装袋,8
冷饮包装盒,4
冷饮包装纸,8
利乐包,4
利乐包装,4
利乐包装盒,4
零食包装袋,8
零食包装盒,8
铝箔包,8
铝箔包装,4
买菜的包装袋,8
面包包装袋,8
面包袋,8
面包干,16
面包盒,8
面包机,4
面包屑,16
面膜包装,8
面膜包装纸,8
尿塑料包装,8
牛奶包装,4
牛奶包装盒,4
牛奶盒包装,4
牛奶利乐包,4
牛奶纸盒包装,4
牛排包装,8
牛肉粒包装袋,8
呕吐包,8
泡脚药包,8
泡面调料包,8
泡面调料塑料包,8
泡泡包装袋,8
膨化食品包装,8
膨化食品外包装,8
皮包,4
皮质包包,4
破书包,4
巧克力包装纸,8
染发剂包装,2
肉包,16
软饮包装,4
三明治包装,8
沙包,8
沙拉酱包装,8
上好佳包装,8
生煎包,16
生石灰包,8
剩包子,16
湿的食品包装袋,8
湿巾纸包装,8
食品包装带,8
食品包装袋,8
食品包装盒,8
食品包装塑料袋,8
食品包装塑料盒,8
食品包装纸,8
食品包装纸盒,8
食品包裝,8
食品塑料包装,8
食品塑料包装袋,8
食品外包装,8
食品小包装袋,8
食物包装,8
食物包装袋,8
食物包装纸,8
书包,4
薯片包装,8
薯片包装袋,8
水果包装纸箱,4
水果外包装泡沫,4
速冻饺子包装,8
速冻食品包装纸,8
速溶咖啡包装,8
塑包装袋,8
塑胶包装袋,8
塑料包书纸,8
塑料包装,8
塑料包装袋,8
塑料包装盒,4
塑料包装纸,8
塑料打包盒,8
塑料打包绳,8
塑料食品包装袋,8
塑料外包,8
塑料外包装,8
炭包,8
糖包装,8
糖果包装,8
跳跳糖包装袋,8
外卖包装盒,8
卫生巾包装袋,8
无菌包装塑料,8
无菌注射器包装,8
吸管包装纸,8
洗衣粉的包装袋,8
洗衣液包装袋,8
香肠包装袋,8
小零食包装袋,8
牙膏包装皮,8
牙刷包装,8
一次性茶包,8
一次性打包盒,8
一次性口罩包装袋,8
一次性塑料打包盒,8
衣物包装袋,8
饮料包装盒,4
饮料纸包装,4
饮品包装,8
硬塑料包装,4
用过的打包饮料盒,8
有机溶剂包装,2
有机溶剂类包装物,2
月饼包装,4
月饼包装袋,4
针线包,8
纸包装,4
纸包装盒,4
纸巾包装,8
纸巾包装袋,8
纸巾塑料包装袋,8
纸塑铝复合包装,4
纸质包装,4
纸质包装带,4
纸质包装袋,4
纸质包装纸,4
中药包装,8
竹炭包,8
装过菜的打包盒,8
装食品的包装袋,8
自暖包,8
粽子 包扎线,8
手剥核桃壳,8
薄型塑料袋,8
塑料薄膜,8
保健品,2
保健品盒,4
保龄球,8
保暖杯,4
保暖瓶,4
保温杯,4
保温材料,8
保温棉,8
保温瓶,4
保鲜袋,8
保鲜膜,8
保鲜用的冰袋,8
保险套,8
保险箱,4
工业用保利龙,0
过期保健品,2
环保袋,4
鸡蛋保护塑料盒,4
鸡蛋保护套,8
旧保暖瓶,4
旧保温瓶,4
食品保鲜袋,8
食品保鲜盒,4
食物保鲜袋,8
手提塑胶保温箱,8
塑料保鲜盒,4
塑料食品保鲜盒,4
污染过的保鲜袋,8
小袋脱酸保鲜剂,8
用过的保鲜袋,8
用过的保鲜膜,8
汉堡,16
汉堡盒,8
宝特瓶,4
充电宝,4
充电式暖宝宝,4
暖宝宝,8
暖宝宝帖,8
暖宝贴,8
淘宝纸盒,4
易拉宝,4
用过的暖宝宝,8
抱枕,4
报废车,0
报废汽车,0
报刊,4
报纸,4
报纸、纸皮,4
被污染的报纸,8
被污染的旧报纸,8
被油污的报纸,8
被油污染的旧报纸,8
被油污污染的旧报纸,8
擦桌子的报纸,8
废报纸,4
废旧报纸,4
复印件报纸,4
海报,4
计算机报表纸,4
旧报,4
旧报刊,4
旧报纸,4
旅游时报,4
日报,4
少年报,4
湿报纸,8
手抄报,8
污染报纸,8
污染旧报纸,8
写过毛笔字的报纸,8
油旧报纸,8
油污报纸,8
油污的报纸,8
油污旧报纸,8
油污染的旧报纸,8
油污染旧报纸,8
油污污染报纸,8
油渍的报纸,8
脏报纸,8
沾了油污的报纸,8
鲍鱼,16
鲍鱼壳,8
爆米花,16
爆竹,8
玻璃杯,4
玻璃杯子,4
玻璃酒杯,4
玻璃水杯,4
不锈钢杯子,4
不锈钢水杯,4
瓷器杯子,8
瓷水杯,8
飞机杯,8
干净的纸杯,8
喝完的咖啡纸杯,8
咖啡杯盖,8
咖啡纸杯,8
咖啡纸杯(内表面附塑料膜"",8),
咖啡纸杯盖,8
可口可乐纸杯,8
可乐杯,8
没用过的纸杯,8
奶茶杯,8
奶茶杯子,8
奶茶纸杯,8
三杯鸡,16
湿纸杯,8
塑料杯,4
塑料杯子,4
塑料咖啡杯,4
塑料奶茶杯,8
塑料水杯,4
碎玻璃杯,4
搪瓷杯,8
陶瓷杯,8
陶瓷茶杯,8
陶瓷咖啡杯,8
铁杯,4
铁水杯,4
一次塑料杯,8
一次性杯子,8
一次性水杯,8
一次性塑料杯,8
一次性塑料杯子,8
一次性塑料水杯,8
一次性饮料杯,8
一次性纸杯,8
饮料杯,8
用过的塑料杯子,8
用过的一次性纸杯,8
用过的纸杯,8
纸杯,8
纸杯盖,8
纸咖啡杯,8
纸质咖啡杯,8
纸质一次性杯子,8
贝壳,8
贝壳的肉,16
贝壳类,8
贝壳类弃物,8
贝壳肉,16
大贝壳,8
扇贝,16
扇贝贝壳,8
扇贝壳,8
扇贝肉,16
小贝壳,8
硬贝壳,8
电脑设备,4
卫浴设备,64
被单,4
被套,4
被污染的旧衣服,8
被污染的衣服,8
被污染的纸,8
被污染衣服,8
被芯,4
被油污染的纸,8
被油污污染的纸盒,8
被子,4
废旧的被子,4
旧棉被,4
棉被,4
棉花垫被,4
湿被子,4
羽绒被,4
书本,4
本子,4
笔记本,4
笔记本电池,2
笔记本电脑,4
笔记本纸,4
废旧的笔记本电脑,4
废旧纸张本册,4
废弃书本,4
绘本,4
旧本子,4
旧书本,4
课本,4
练习本,4
默写本,4
书本纸,4
作业本,4
绷带,8
鼻毛,8
鼻屎,8
鼻涕纸,8
擦鼻涕的纸,8
擦鼻涕纸,8
擦鼻涕纸巾,8
擦过鼻涕的餐巾纸,8
擦过鼻涕的纸,8
擦过鼻涕的纸巾,8
搽鼻涕纸,8
带鼻涕的餐巾纸,8
擤鼻涕的纸巾,8
有鼻涕的纸巾,8
笔袋,8
笔,8
笔盖,8
笔杆,8
笔盒,4
笔记型计算机,4
笔壳,8
笔囊,8
笔套,8
笔屑,8
笔芯,8
布笔袋,4
彩笔,8
彩色笔,8
彩色铅笔,8
废笔芯,8
废弃的圆珠笔,8
粉笔,8
钢笔,8
钢笔里的墨囊,8
钢笔墨囊,8
勾线笔,8
红笔,8
画笔,8
画笔画的画,8
坏钢笔,8
记号笔,8
金属钢笔,8
金属铅笔盒,4
卷笔刀,8
可擦笔,8
可擦复写笔,8
可擦摩笔,8
可擦魔笔,8
腊笔,8
蜡笔,8
蜡笔画,8
蜡笔画的画,8
马克笔,8
毛笔,8
没用的笔芯,8
没用完的水笔芯,8
眉笔,8
魔笔,8
墨水笔,8
木头铅笔,8
木制铅笔,8
铅笔,8
铅笔盒,4
铅笔头,8
铅笔屑,8
铅笔芯,8
铅笔自动铅,8
签字笔,8
签字笔芯,8
水笔,8
水笔笔杆,8
水笔笔芯,8
水笔杆,8
水笔外壳,8
水笔芯,8
水彩笔,8
水彩笔芯,8
水性笔,8
水性笔芯,8
塑胶铅笔盒,4
塑料笔,8
塑料笔盒,4
塑料笔壳,8
塑料笔套,8
塑料铅笔盒,4
塑料水笔,8
塑料圆珠笔,8
铁皮铅笔盒,4
铁制铅笔盒,4
涂改笔,8
未用完的笔芯,8
文具铅笔盒,4
颜料笔,8
眼线笔,8
一次性笔芯,8
荧光笔,8
用过的原珠笔,8
用完的空圆珠笔芯是什么垃圾,8
用完的水笔芯,8
用完的水性笔芯,8
油画笔,8
油漆笔,8
原珠笔,8
原子笔,8
原子笔芯,8
圆珠笔,8
圆珠笔笔套,4
圆珠笔笔芯,8
圆珠笔杆,8
圆珠笔芯,8
中性笔,8
中性笔笔芯,8
中性笔塑料袋,8
中性水笔,8
自动铅笔,8
钻笔,8
碧根果,8
碧根果壳,8
雪碧瓶,4
冥币,8
游戏币,4
纸币,0
避孕套,8
避孕药,2
用过的避孕套,8
鞭炮,8
牛鞭,16
纸张鞭炮,8
编织袋,8
便,0
便便,0
便利贴,8
便签,8
便条纸,8
便纸,8
吃过的方便面,16
宠物便便,0
宠物大便,0
宠物粪便,0
宠物兔粪便,0
大便,0
动物的粪便,0
动物粪便,0
方便筷,8
方便面,16
方便面袋,8
方便面袋子,8
方便面盒,8
方便面盒子,8
方便面桶,8
方便面碗,8
粪便,0
狗便,0
狗便便,0
狗大便,0
狗粪便,0
狗狗便便,0
狗狗大便,0
狗狗粪便,0
家禽粪便,0
猫便,0
猫便便,0
猫大便,0
猫粪便,0
用过的便纸,8
有粪便的尿布,8
变质的食物,16
变质食品,16
标签,8
标签卡,8
标签色带,8
废鼠标,4
服装商标,8
旧鼠标,4
鼠标,4
鼠标垫,8
无线鼠标,4
纸质商标,8
电表盒,4
电话手表,4
电子手表,4
机械表,4
手表,4
手表电池,2
塑料钟表,4
钟表,4
别针,8
曲别针,8
瘪掉的篮球,4
冰袋,8
冰柜,4
冰激淋,16
冰激凌,16
冰淇淋,16
冰糖,16
冰箱,4
冰箱冰袋,8
电冰箱,4
干冰袋,8
旧冰箱,4
快递冰袋,8
冷冻食品用的冰袋,8
冷冻用冰袋,8
医用冰袋,8
葡萄柄,16
游戏手柄,4
丙烯,8
饼干袋,8
饼干罐,4
饼干塑料盒,8
饼干铁盒,4
饼干渣,16
饼干纸盒,4
葱油饼,16
大饼,16
粉饼,8
糕饼,16
过期饼干,16
化妆粉饼,8
糠饼,16
可丽饼,16
煤饼,8
披萨饼盒,8
铁制饼干盒,4
鲜肉月饼,16
月饼,16
月饼盒,4
月饼铁盒,4
病人换下来的纸尿裤,8
玻璃,4
碎玻璃,4
玻璃餐盒,4
玻璃餐具,4
玻璃尺,4
玻璃灯管,2
玻璃灯罩,4
玻璃调料瓶,4
玻璃饭盒,4
玻璃罐,4
玻璃锅,4
玻璃锅盖,4
玻璃壶,4
玻璃胶,8
玻璃胶带,8
玻璃酒瓶,4
玻璃奶瓶,4
玻璃盘,4
玻璃盘子,4
玻璃盆,4
玻璃啤酒瓶,4
玻璃片,4
玻璃瓶,4
玻璃瓶罐,4
玻璃器皿,4
玻璃碎片,4
玻璃碎瓶,4
玻璃碗,4
玻璃小药瓶,2
玻璃药瓶,2
玻璃油瓶,4
玻璃渣,4
玻璃纸,8
玻璃制品,4
玻璃制容器,4
彩色玻璃,4
窗玻璃,4
废玻璃,4
废玻璃制品,4
废旧玻璃,4
钢化玻璃,4
过期玻璃瓶,4
咖啡玻璃瓶,4
空玻璃瓶,4
毛玻璃,4
门窗玻璃,64
墨汁玻璃瓶,4
牛奶玻璃瓶,4
啤酒玻璃瓶,4
破碎玻璃,4
强化玻璃,4
人造玻璃,4
碎玻璃瓶,4
用过的酱油玻璃瓶,4
有机玻璃,4
有机玻璃制品,4
菠菜,16
菠萝,16
菠萝干,16
菠萝蜜,16
菠萝蜜核,8
菠萝蜜壳,8
菠萝派,16
菠萝皮,16
菠萝头,16
数字音乐播放器,4
微波炉,4
博美,0
铂金纸,8
铝箔,4
铝箔餐盒,8
铝箔纸,4
鋁箔,4
锡箔,8
锡箔纸,8
一次性铝箔餐盒,8
鸭脖,16
鸭脖子,16
捕蚊灯,4
胡萝卜,16
萝卜,16
萝卜的叶子,16
萝卜干,16
不含汞铅电池,8
不锈钢,4
不锈钢尺子,4
不锈钢刀,4
不粘锅,4
儿童尿不湿,8
没用过的尿不湿,8
尿不湿,8
湿了的尿不湿,8
小孩尿不湿,8
婴儿尿不湿,8
婴儿一次性尿不湿,8
用过的尿不湿,8
布,4
布袋,4
布袋子,4
布类,4
布料,4
布面粉袋,4
布偶,4
布条,4
布娃娃,4
布玩偶,4
布鞋,4
布艺沙发,32
擦眼镜布,8
成人尿布,8
纺织布,4
废旧抹布,8
废抹布,8
狗尿布,8
含油抹布,8
胶布,8
旧布料,4
旧布鞋,4
旧抹布,8
麻布,4
猫尿布,8
没用过的尿布,8
棉麻桌布,4
抹布,8
尿布,8
尿布湿,8
破布,4
破抹布,8
纱布,8
湿抹布,8
湿尿布,8
使用过的尿布,8
塑料布,8
碎布,4
碎布料,4
碎布料枕头,4
碎布头,8
拖布头,8
无纺布,8
无纺布袋,8
洗碗布,8
小孩尿布,8
一次性抹布,8
一次性尿布,8
一次性塑料布,8
一次性台布,8
一次性桌布,8
医用纱布,0
婴儿尿布,8
婴幼儿尿布,8
用过的尿布,8
油画布,8
油抹布,8
油网布,8
油污布,8
脏布,8
纸尿布,8
狙击步枪,0
电话簿,4
擦过菜汁的抽纸,8
擦过的纸巾,8
擦过屁股的卫生纸,8
擦汗的纸巾,8
擦屁股的纸,8
擦屁股的纸巾,8
擦屎纸,8
擦拭过的餐巾纸,8
擦手的面巾纸,8
擦手巾,8
擦手纸,8
擦完嘴的纸,8
擦眼泪的纸,8
擦油纸,8
摩易擦,8
魔力擦,8
橡皮擦,8
废木材,64
废中药材,16
干药材,16
建材,64
建材垃圾,64
木材,64
木材旧家具,32
食材废料,16
药材,16
中药材,16
中药药材,16
一次性血糖采血针,8
彩电,4
彩票,8
彩色打印纸,4
彩色回形针,8
彩色塑料瓶,4
彩色塑料纸,8
彩色相片,2
彩色相片纸,2
彩色相纸,2
彩色颜料,8
彩色照片,2
彩纸,8
彩妆,8
打印过的彩色相片纸,2
打印后的彩色照片,2
水彩,8
水彩画,8
水彩颜料,8
菜,16
菜饭,16
菜饭盒,8
菜根,16
菜根菜头,16
菜梗,16
菜梗菜叶,16
菜花,16
菜椒,16
菜皮,16
菜叶,16
菜叶子,16
菜渣,16
吃菜剩下的鱼骨头,16
厨房剩菜,16
淡菜,16
饭菜,16
饭菜盒,8
饭菜渣,16
腐烂蔬菜,16
隔夜菜,16
根茎蔬菜,16
瓜果蔬菜,16
花菜,16
金针菜,16
金属制菜篮子,4
韭菜,16
烂菜叶,16
烂蔬菜,16
绿叶菜,16
芹菜,16
芹菜叶,16
青菜,16
青菜杆,16
青菜皮,16
青菜叶,16
球生菜,16
生菜,16
剩菜,16
剩菜饭,16
剩菜剩饭,16
剩饭菜,16
剩饭剩菜,16
剩飯剩菜,16
剩余饭菜,16
蔬菜,16
蔬菜瓜果皮,16
蔬菜果皮,16
蔬菜茎叶,16
蔬菜皮,16
蔬菜水果,16
蔬菜水果皮,16
蔬菜叶,16
熟菜,16
素菜,16
塑胶菜蓝子,4
咸菜,16
油菜花,16
沾了菜油的餐巾纸,8
紫菜,16
餐盒,8
餐巾,8
餐巾纸,8
餐巾纸袋子,8
餐巾纸盒,8
餐巾紙,8
餐厅纸,8
餐纸,8
吃剩的快餐,16
吃剩的快餐盒,8
废餐巾纸,8
废弃餐巾纸,8
快餐盒,8
快递餐盒,8
泡沫餐盒,8
剩餐,16
湿餐巾,8
湿餐巾纸,8
湿的餐巾纸,8
湿了的餐巾纸,8
使用的餐巾纸,8
使用过的餐盒,8
使用过的餐巾纸,8
使用过的纸质餐盒,8
塑料餐盒,8
塑料餐具,4
外发餐盒,8
外卖餐盒,8
外卖盒纸餐盒,8
外卖塑料餐盒,8
外卖纸餐盒,8
未使用的餐巾纸,8
污损餐巾纸,8
午餐肉,16
午餐肉罐,4
午餐肉罐头,4
一次性餐盒,8
一次性餐具,8
一次性餐盘,8
一次性塑料餐盒,8
一次性塑料餐具,8
一次性纸餐盒,8
用过餐巾纸,8
用过的餐巾纸,8
用过的湿餐巾纸,8
用完的餐巾纸,8
油腻的餐巾纸,8
有污渍的餐盒,8
脏餐巾纸,8
脏的餐巾纸,8
纸餐盒,8
纸制餐盘,8
西洋参,16
蚕丝,4
蚕豆壳,16
残羹,16
残花,16
残旧衣服,4
残渣剩饭,16
残枝,16
残枝落叶,16
落叶残花,16
食物残渣,16
食物残渣及宠物饲料,16
中药残渣,16
苍蝇,16
苍蝇拍,8
草稿纸,4
草,16
草莓,16
草皮,16
草药,16
草纸,8
草纸卫生纸,8
除草剂,2
除草剂罐,2
干草叶,16
花草,16
花草树叶,16
黄草纸烧的灰,8
皮草,4
青草,16
水草,16
写过的草稿纸,4
用过的草纸,8
杂草,16
中草药,16
厕所,0
厕所的卫生纸,8
厕所手纸,8
厕所用纸,8
厕所纸,8
厕所纸巾,8
厕纸,8
入厕用纸,8
湿厕纸,8
用过的厕纸,8
手册,4
相册,4
宣传册,4
插排,4
插头,4
插座,4
充电插头,4
废旧排插,4
叉子,4
塑料叉子,8
一次性叉子,8
茶叶,16
茶,16
茶袋,8
茶盒,8
茶壶,8
茶壶碎片,8
茶几,32
茶碗,8
茶叶袋,8
茶叶蛋,16
茶叶罐,4
茶叶盒,4
茶叶渣,16
茶叶渣子,16
茶渣,16
袋泡茶,8
袋装茶叶,8
干茶叶,16
过期茶叶,16
喝过的茶叶,16
喝过的茶叶渣,16
绿茶瓜子,16
没有泡过的茶叶,16
泡过的茶叶,8
平常喝茶的茶叶渣,16
平常喝的茶叶,16
剩茶叶,16
水果茶,16
陶瓷茶叶罐,8
珍珠奶茶盒,8
纸制茶叶罐,8
紫砂茶具,8
火柴,8
硅胶铲,8
电器产品,4
电子产品,4
废旧电子产品,4
废弃电子产品,4
水产及其加工食品,16
水产类弃物,16
碎纸机产生的纸屑,8
常温牛奶盒,4
常温牛奶盒子,4
长毛绒,4
长毛绒玩具,4
长生果,16
长生果壳,16
长筒连裤袜,8
长头发,8
长尾夹,4
长靴,4
红肠,16
火腿肠,16
香肠,16
香肠袋,8
鱼肠,16
鱼鳞鱼肠,16
唱片,8
黑胶唱片,8
超能胶,8
超市小票,8
超市装肉盒,8
钞票,0
点钞机,4
纸钞,8
过朝食品,16
潮湿塑料袋,8
防潮盒,4
防潮剂,8
受潮的纸张,4
吸潮剂,8
炒花生壳,16
炒面,16
糖炒栗子,16
糖炒栗子壳,16
车,0
车厘子,16
车辆,0
车钥匙,8
电动车,0
二手车,0
废机车,0
废脚踏车,4
废弃的自行车,0
废汽车,0
公交车,0
环卫车,0
火车,0
火车轨道,0
货车,0
脚踏车,0
轿车,0
旧电瓶车,0
旧自行车,0
卡车,0
汽车,0
汽车机油,0
汽车空气滤清器,4
汽车轮胎,0
汽车雨刮器,8
汽机车座垫,32
玩具车,4
行车记录仪,4
遥控车,4
助动车,0
自行车,0
自行车轮胎,4
灰尘,8
尘土,8
打扫灰尘,8
灰尘毛发,8
扫地灰尘,8
湿灰尘,8
吸尘器,4
吸尘器垃圾,8
陈皮,16
衬衫,4
衬衣,4
橙,16
橙皮,16
橙子,16
橙子皮,16
成人用品,8
结成团的猫砂,8
中成药,2
体重秤,4
吃过的大骨头,8
吃过的甘蔗,16
吃过的口香糖,8
吃过的奇趣蛋,8
吃过的外卖盒,8
吃过的一次性饭盒,8
吃剩下的牡蛎壳,8
吃剩下的葡萄杆,16
吃剩下的提子杆,16
吃完的泡面盒,8
金属汤匙,4
钥匙,4
充电电池,2
电池,2
电脑电池,2
電池,2
废电池,2
废旧电池,2
废镍镉电池,2
废弃电池,2
废手机充电电池,2
废手机电池,2
废氧化汞电池,2
干电池,2
镉镍电池,2
含汞电池,2
碱电池,8
碱性电池,8
碱性无汞电池,8
旧电池,2
可充电电池,2
锂电池,2
锂离子电池,2
镍镉电池,2
镍铝电池,2
镍氢电池,2
纽扣电池,2
钮扣电池,2
钮扣电子电池,2
普通干电池,2
七号电池,2
铅酸电池,2
铅蓄电池,2
手机充电电池,2
手机电池,2
太阳能电池,2
碳性电池,8
无汞电池,8
无汞干电池,8
无汞碱性电池,8
五号电池,2
蓄电池,2
氧化汞电池,2
遥控器电池,2
用过的电池,2
照相机电池,2
齿轮,4
掉下来的牙齿,8
牙齿,8
尺,8
尺子,4
塑胶尺,8
塑料尺,4
塑料尺子,4
铁尺,4
文具尺,4
直尺,8
鸡翅,16
鸡翅骨头,16
充电器,4
充电热水袋,4
充电线,4
充气袋,8
充气沙发,4
充气娃,4
充气娃娃,4
泡沫填充,8
氢气球充气钢瓶,4
手机充电器,4
手机充电线,4
冲泡饮料,16
虫,16
虫子,16
废杀虫剂,2
废杀虫剂罐,2
毛毛虫,16
米虫,16
杀虫剂,2
杀虫剂罐,2
杀虫剂罐子,2
杀虫剂空瓶,2
杀虫剂瓶,2
杀虫剂瓶罐,2
杀虫剂桶,2
杀虫喷雾,2
杀虫喷雾罐,2
杀虫喷雾瓶,2
杀虫瓶罐,2
杀虫气雾剂,2
死昆虫,16
宠物,0
宠物粪,0
宠物粮食,16
宠物毛,8
宠物毛发,8
宠物排泄物,0
宠物尸体,0
宠物饲料,16
抽水马桶,64
抽屉,32
抽完的烟蒂,8
抽完烟的烟蒂,8
抽油烟机,32
抽纸,8
绸带,4
丝绸制品,4
臭豆腐,16
臭鸡蛋,16
臭袜子,8
打印出来的纸,4
橱柜,64
旧橱柜,64
旧衣橱,32
衣橱,32
厨房垃圾,16
厨房垃圾袋,8
厨房用钢丝球,8
厨房用纸,8
厨房纸,8
厨房纸巾,8
厨余,16
厨余果皮,16
厨余垃圾,16
厨余垃圾筒,4
金属厨具,4
除湿盒,4
除湿机,4
除湿剂,8
除氧剂,8
氯化钙除湿剂,8
储物柜,32
传单,4
传真机,4
传真纸,4
宣传单,4
宣传页,4
宣传纸,4
手串,8
窗户,64
窗帘,4
窗纱,8
坏门窗,64
铝门窗外框,64
纱窗,8
铁窗,64
床,32
床单,4
床垫,32
床垫子,32
床架,32
床上用品,4
床罩,4
废床单,4
废旧床,32
废旧家具床,32
旧床单,4
旧床垫,32
旧衣服床单,4
木床,32
木头床架,32
使用过的旧床单,4
双人床,32
席梦丝床垫,32
席梦思床垫,32
创可贴,8
创口贴,8
使用过的创可贴,8
用的创可贴,8
吹风机,4
电吹风,4
锤子,4
铁锤,4
春梅,16
唇膏,8
润唇膏,8
纯水滤芯,8
磁带,8
磁碟片,8
磁卡,8
磁力片,8
磁盘盒,4
磁片盒,4
磁铁,4
电磁炉,4
陶磁,8
硬式磁碟机,4
陶瓷,8
瓷片,8
瓷器,8
瓷器瓶,8
瓷器碎片,8
瓷碗,8
瓷制品,8
瓷砖,64
破瓷品,8
破瓷瓶,8
破瓷器,8
破瓷碗,8
破旧的瓷品,8
破旧陶瓷,8
破旧陶瓷品,8
破碎瓷碗,8
破碎陶瓷,8
破损瓷器,8
碎瓷,8
碎瓷片,8
碎瓷器,8
碎陶瓷,8
碎陶瓷碗,8
搪瓷,4
搪瓷碗,4
陶瓷刀,8
陶瓷罐,8
陶瓷花盆,8
陶瓷品,8
陶瓷砂锅,8
陶瓷碎片,8
陶瓷碗,8
陶瓷制品,8
鱼刺,16
塑料一次性,8
塑料一次性饭盒,8
一次性豆浆袋,8
一次性豆浆塑料盒,8
一次性饭盒,8
一次性盒饭,8
一次性酒精棉,8
一次性口罩,8
一次性筷子,8
一次性莱盒,8
一次性内裤,8
一次性牛奶袋,8
一次性日用品,8
一次性勺子,8
一次性手套,8
一次性塑料,8
一次性塑料袋,8
一次性塑料饭盒,8
一次性塑料盒,8
一次性塑料盒饭,8
一次性塑料盒饭盒,8
一次性透明盒子,8
一次性拖鞋,8
一次性碗,8
一次性鞋套,8
一次性牙刷,8
一次性雨衣,8
一次性针筒,8
一次性纸袋,8
一次性纸盒,8
一次性纸尿裤,8
一次性纸碗,8
用过的一次性筷子,8
葱,16
葱蒜,16
洋葱皮,16
醋瓶,4
脆骨,16
水果脆,16
内存条,4
打底裤,4
打火机,8
打火机油,8
打湿的纸巾,8
打碎的碗,8
打印的照片,2
打印的纸,4
打印过的废纸,4
打印过的胶片,2
打印过的纸,4
打印机,4
打印机墨盒,4
打印机硒鼓,4
打印墨盒,4
打印用纸,4
打印照片,8
打印纸,4
废打印纸,4
废旧打印机,4
废弃打印机,4
粉碎后的打印纸,8
金属打火机,8
塑料打火机,8
大骨头,8
大猪蹄子,4
大的骨头,8
大的肉骨头,8
大豆,16
大哥大,4
大骨,8
大骨（如：猪腿骨）,8
大核桃壳,8
大件垃圾,32
大龙虾,16
大米,16
大米袋,8
大排,16
大排骨,8
大排骨头,8
大螃蟹壳,16
大蒜,16
大头钉,8
大衣,4
大闸蟹,16
大闸蟹壳,16
貂皮大衣,4
放大镜,4
过期大米,16
牛大骨,8
猪大骨,8
带防晒霜的防晒霜罐,8
带酱汁的塑料袋,8
带胶制品,8
带肉牛骨头,8
带血塑料袋,8
带有狗屎的纸巾,8
带鱼骨头,16
缎带,4
废胶带,8
封箱带,8
封箱胶带,8
高裤腰带,8
海带,16
胶带,8
胶带纸,8
领带,4
录像带,2
皮带,4
双面胶带,8
丝带,4
塑料带,8
塑料胶带,8
透明胶带,8
小修正带,8
鞋带,4
信封带,4
修正带,8
修正带内芯,8
腰带,4
扎带,8
纸带,4
电暖手袋,4
电热水袋,4
调味袋,8
豆浆袋,8
豆浆袋子,8
废旧塑料袋,8
废塑料袋,8
干净的垃圾袋,8
干净的塑料袋,8
购物纸袋,4
海苔袋子,8
厚塑料袋,8
厚型塑料袋,8
旧纸袋,4
咖啡袋,8
可降解垃圾袋,8
可降解塑料袋,8
快递袋,8
快递袋子,8
快递纸袋,4
垃圾袋,8
垃圾塑料袋,8
辣条袋子,8
冷饮袋,8
利乐枕牛奶袋,4
零食袋,8
旅行袋,4
麻袋,8
马夹袋,8
马夾袋,8
马甲袋,8
麦当劳纸袋,8
美术袋,8
米袋,8
密封袋,8
面膜袋,8
奶粉袋,8
尿袋,8
牛奶袋,8
牛奶纸袋,8
暖水袋,4
泡沫袋,8
破损垃圾袋,8
普通塑料袋,8
气泡袋,8
巧克力袋子,8
清洁塑料袋,8
蛇皮袋,8
盛装湿垃圾的垃圾袋,8
湿的塑料袋,8
湿塑料袋,8
食品袋,8
食品塑封袋,8
食品塑料袋,8
食物塑料袋,8
食物纸袋,8
薯片袋,8
薯片袋子,8
水饺袋,8
饲料袋,8
塑胶袋,8
塑料袋,8
塑料袋子,8
塑料豆浆袋,8
塑料购物袋,8
塑料垃圾袋,8
塑料马夹袋,8
塑料酸奶袋,8
塑料文件袋,4
酸奶袋,8
酸奶袋子,8
透明塑料袋,8
文件袋,4
污染的塑料袋,8
污染塑胶袋,8
污水袋,8
污损垃圾袋,8
小蛋糕的袋子,8
小塑料袋,8
信封袋,4
一只塑料袋,8
医用导尿袋,0
用过的塑料袋,8
脏塑料袋,8
真空袋,8
纸袋,4
纸袋子,4
纸巾袋,8
纸质购物袋,4
中药袋,8
装海鲜的袋子,8
装垃圾的塑料袋,8
装湿垃圾的塑料袋,8
装鱼的袋子,8
担担面,16
电费账单,4
广告单,4
广告单页,4
账单,4
鸡毛掸,8
鸡毛掸子,8
海胆,16
海胆壳,8
鸡旦壳,16
圣诞树,0
弹簧,4
炸弹,0
子弹,8
蛋,16
蛋糕,16
蛋糕盒,8
蛋黄,16
蛋卷,16
蛋壳,16
蛋壳壳,16
蛋类,16
蛋殼,16
蛋挞,16
蛋挞壳,8
蛋挞皮,16
蛋挞托,8
风味蛋糕,16
鸡蛋,16
鸡蛋蛋壳,16
鸡蛋壳,16
奶油蛋糕,16
皮蛋壳,16
肉蛋,16
肉蛋加工食品,16
生的鸡蛋壳,16
生鸡蛋壳,16
熟鸡蛋,16
熟鸡蛋壳,16
塑料蛋盒,4
塑料鸡蛋盒,4
跳蛋,8
咸鸭蛋壳,16
刀片,4
电动剃须刀,4
飞刀,4
各类刀、刀片,4
刮胡子刀片,4
胡须刀,4
剪刀,4
金属刀片,4
金属剪刀,4
螺丝刀,4
美工刀,4
美工刀片,4
磨刀器,4
水果刀,4
塑料剃须刀,4
剃须刀,8
剃须刀片,4
屠龙刀,4
小刀,4
指甲刀,4
导线,4
道路落叶,0
塑料管道,4
拍立得,4
用过的卫生纸,8
的确良,4
掉落的头发,8
动物的尸体,0
肥宅用过的纸巾,8
废旧的收音机,4
废旧的手电筒,4
废旧的雨伞,8
废弃的毛巾,8
废弃的收音机,4
废弃的手电筒,4
废弃的树叶,16
废弃的树枝,16
废弃的纸巾,8
粉碎的纸,8
风干、晾晒的食品,16
干的纸尿裤,8
干净的塑料,4
干净的塑料勺,4
罐头食品的内容物,16
过期的糕团,16
过期的咖啡,16
过期的口香糖,8
过期的粮食,16
过期的湿纸巾,8
过期的燕麦片,16
过期的药,2
过期的药品,2
过期的油漆,2
过期的鱼油,16
过期的指甲油,2
孩子的尿片,8
孩子用过的尿片,8
喝完的咖啡罐,4
喝完的药瓶,2
核桃的壳,8
花生的壳,16
画过的铅化纸,8
画过画的纸,4
坏的花盆,8
坏了的玩具,4
坏了的碗,8
家庭的过期药品,2
家庭盆栽废弃的树叶,16
坚果的壳,8
剪下来的手工纸,8
旧的运动鞋,4
可回收的文具,4
空的饮料瓶,4
枯萎的花,16
枯萎的鲜花,16
晾干的柚子皮,16
猫的尸体,0
没用过的尿片,8
没有药的空药瓶,2
墨盒中的碳粉,8
墨水写过的纸,4
沐浴露的塑料瓶,4
排骨的骨头,16
泡过的枸杞子,16
盆栽的废弃树叶,16
瓶裝水的塑料瓶,4
破的碗,8
破了的碗,8
破碎的灯管,2
破碎的花盆,8
破碎的碗,8
敲碎的碗,8
人的头发,8
晒干的柚子皮,16
湿的纸巾,8
湿的纸尿裤,8
湿的纸张,8
湿掉的纸巾,8
使用过的猫砂,8
使用过的女性卫生巾,8
使用过的卫生巾,8
使用过的卫生纸,8
使用过的吸管,8
使用过的纸巾,8
手纸的纸芯,4
受过污染的纸,8
薯片的纸盒,4
树废弃的枝,16
水煮花生的壳,16
死掉的多肉植物,16
死掉的猫,0
死掉的植物,16
碎的废纸,8
蹄髈的骨头,16
吐痰的纸巾,8
玩坏的玩具,4
污染的衣服,8
污染的纸,8
污染较严重的纸张,8
污染严重的纸,8
污染严重的纸盒,8
污染严重的纸张,8
洗发水的瓶子,4
洗发水的塑料瓶,4
洗干净的牛奶盒,4
洗净的牛奶盒,4
洗净后的牛奶盒,4
洗澡掉的头发,8
夏威夷果的壳,8
写过的纸,4
写过字的宣纸,8
写过字的纸,4
谢了的花,16
严重污染的纸张,8
咬过的口香糖,8
用过的筷子,8
用过的猫砂,8
用过的尿片,8
用过的湿巾,8
用过的湿巾纸,8
用过的湿纸巾,8
用过的卫生巾,8
用过的吸管,8
用过的纸,8
用过的纸巾,8
用过的纸尿裤,8
用来装饰的假花,8
用剩的机油,0
油污过的纸,8
油污过的纸盒,8
有颜色的纸,8
有油漆的纸,8
鱼的内脏,16
脏的橡胶手套,8
脏的纸巾,8
沾有墨水的纸,8
煮花生的壳,16
装过食用油的塑料桶,4
装洗发水的塑料瓶,4
废弃荧光灯,4
荧光灯,2
灯管,2
灯管灯泡,2
灯具,32
灯炮,2
灯泡,2
电灯,4
电灯泡,2
废灯管,2
废灯泡,2
废节能灯,2
废节能灯管,2
废旧灯,2
废旧灯管,2
废旧灯泡,2
废旧日光灯,2
废旧台灯,4
废旧荧光灯,2
废旧荧光灯管,2
废弃节能灯,2
废日光灯管,2
废荧光灯管,2
废直式日光灯管,2
含汞荧光灯管,2
坏台灯,4
节能灯,2
节能灯管,2
节能灯泡,2
旧灯管,2
旧灯泡,2
卤素灯,2
卤素灯泡,2
日光灯,2
日光灯管,2
台灯,4
钨丝灯泡,2
吸顶灯,2
荧光灯管,2
荧光灯光,2
登山杖,4
凳子,32
坏凳子,32
塑料凳,4
低温牛奶盒子,4
滴滤咖啡,8
竹笛,8
底片,8
粉底,8
火锅底料,16
火锅汤底,16
平底锅,4
相片底片,2
地沟油,0
地瓜皮,16
地膜,0
地毯,4
地铁,64
地图,4
废地毯,4
废旧地毯,4
废弃地毯,4
扫地机,4
香烟蒂,8
烟蒂,8
烟蒂海绵头,8
快递盒,4
快递盒子,4
快递箱,4
快递信封,4
快递纸,8
快递纸箱,4
碘伏棉球,0
糕点,16
过期糕点,16
早点盒,8
垫子,4
防滑垫,4
废踏垫,8
狗尿垫,8
海绵垫,8
护垫,8
靠垫,4
尿垫,8
泡沫垫,8
塑料垫,4
塑料垫子,4
橡胶垫,8
瑜伽垫,4
竹垫,8
竹坐垫,8
电动玩具,4
电动洗脚盆,4
电动牙刷,4
电炖锅,4
电饭煲,4
电饭锅,4
电风扇,4
电锅,4
电焊丝,4
电话,4
电话机,4
电缆,4
电脑,4
电脑机箱,4
电脑配件,4
电脑屏幕,4
电脑小音响,4
电暖炉,4
电瓶,4
电器,4
电热水壶,4
电热水瓶,4
电热水器,4
电热毯,4
电热蚊香片,8
电容器,4
电扇,4
电视,4
电视机,4
电视机顶盒,4
电水壶,4
电梯,0
电玩具,4
电蚊拍,4
电蚊香,8
电蚊香片,8
电线,4
电线挿头,4
电影胶片,2
电影票,4
电源器,4
电源线,4
电熨斗,4
电子废弃物,4
电子垃圾,4
电子琴,4
电子书,4
电子书阅读器,4
电子体温计,4
电子温度计,4
电子游戏机,4
电子镇流器,4
电钻,4
儿童电动玩具,4
废电脑,4
废电器,4
废电视,4
废电线,4
废家电,4
废旧电脑,4
废旧电器,4
废旧电视机,4
废旧电线,4
废旧手电筒,4
废弃电线,4
坏电视机,4
家电,4
家用电器,4
旧电话机,4
旧电脑,4
旧电脑桌,32
旧电器,4
旧电视,4
旧电蚊拍,4
旧家电,4
旧手电筒,4
手电筒,4
手提电脑,4
小家电,4
行动电话,4
液晶电视,4
移动电源,4
淀粉,16
木雕,4
吊牌,4
衣服吊牌,8
钓鱼竿,8
钓鱼钩,8
钓鱼线,8
调味料,16
调味品,16
坏空调器,4
火锅调料,16
空调,4
空调机,4
空调两用风扇,4
空调扇,4
空调遥控器,4
泡面调料,16
碟片,8
光碟,8
塑料飞碟,4
碗碟,8
蝴蝶,16
丁字裤,8
钉书针,8
订书钉,8
螺丝钉,4
铁钉,4
图钉,8
洋钉,4
机顶盒,4
订书机,4
订书针,8
金属订书机,4
装订铁圈,4
冬瓜,16
冬笋壳,16
冬枣核,16
动物,0
动物废弃内脏,16
动物骨骼,8
动物骨头,16
动物毛,8
动物毛发,8
动物内脏,16
动物尸体,0
动物羽毛,8
旧运动鞋,4
移动硬盘,4
运动服,4
运动鞋,4
自动铅,8
果冻,16
果冻盒,8
冷冻食品,16
速冻饺子,16
速冻饺子内塑料盒,8
速冻水饺,16
水斗漏网,8
豆腐,16
豆腐干,16
豆腐盒,8
豆腐乳,16
豆腐塑料盒,8
豆腐渣,16
豆角壳,16
豆壳,16
豆类,16
豆渣,16
黑豆,16
黄豆,16
绿豆,16
绿豆芽,16
毛豆,16
毛豆结,16
毛豆壳,16
土豆,16
土豆皮,16
豌豆壳,16
豌豆殼,16
毒鼠强,2
杀毒剂,2
消毒片,8
消毒药片,2
有毒植物,16
杜蕾斯,8
废含汞温度计,2
废水银温度计,2
废温度计,2
含汞温度计,2
水银温度计,2
温度计,2
短裤,8
多肉,16
多肉植物,16
空养乐多瓶子,4
养乐多瓶,4
花朵,16
鹅,16
儿童玩具,4
婴儿纸尿裤,8
耳环,4
耳机,4
耳机线,4
耳屎,8
耳套,4
耳线,8
旧耳机,4
二手衣物,4
头发,8
发胶,8
发蜡,8
发霉食物,16
发票,8
发圈,8
废弃沙发,32
干头发,8
过期洗发水,8
护发素瓶,4
坏发卡,8
坏沙发,32
假发,8
假发套,8
旧沙发,32
落发,8
毛发,8
皮沙发,32
染发剂罐,2
染发剂壳,2
染发剂塑料罐,2
染发料瓶体,2
润发乳,8
沙发,32
湿头发,8
碎头发,8
头发丝,8
洗发精,8
洗发露瓶,4
洗发露瓶子,4
洗发水,8
洗发水罐,4
洗发水空瓶,4
洗发水瓶,4
洗发水瓶子,4
洗发水塑料瓶,4
洗发水桶,4
洗发液空瓶,4
洗发液空塑料瓶,4
自发热型发热贴,8
盐酸伐昔洛韦片,2
书法纸,4
番茄,16
番茄酱,16
番茄皮,16
番薯,16
饭,16
饭盒,8
饭团,16
饭碗,8
饭汁,16
隔夜饭,16
盒饭盒,8
聚乙烯饭盒,8
米饭,16
泡沫饭盒,8
剩饭,16
馊饭,16
塑料饭盒,4
外卖饭盒,8
午饭,16
稀饭,16
魔方,8
房门,64
防腐剂,8
防滑毯,8
防晒霜,8
防晒霜罐,4
防水气泡膜,8
防碎气泡膜,8
防撞塑料,8
纺织品,4
纺织物,4
废纺织物,4
录放机,4
胶囊咖啡,8
胶囊咖啡盒,4
咖啡,16
咖啡粉,16
咖啡过滤纸,8
咖啡胶囊,8
咖啡滤纸,8
咖啡渣,16
猫屎咖啡,16
三合一咖啡,16
飞机,0
肥料,8
肥皂,8
过期肥料,16
花肥,8
化肥,0
碎小肥皂,8
夫妻肺片,16
废弃植物,16
废含汞血压计,2
废花盆,8
废家具,32
废键盘,4
废胶片,2
废胶水,8
废金属,4
废酒瓶,4
废旧机油,0
废旧家具,32
废旧旧衣服,4
废旧轮胎,0
废旧收音机,4
废旧手机,4
废旧书,4
废旧塑料盒,4
废旧玩具,4
废旧蚊香,8
废旧洗衣机,4
废旧相片,2
废旧牙刷,8
废旧衣服,4
废旧衣物,4
废旧荧光管,2
废旧荧光屏,4
废旧纸箱,4
废旧纸张,4
废铝,4
废轮胎,0
废毛巾,8
废灭火器,4
废墨盒,4
废墨瓶,4
废木盒,4
废木料,64
废弃花盆,8
废弃环氧树脂,8
废弃计算机,4
废弃毛巾,8
废弃树叶,16
废弃树枝,16
废弃水粉颜料,8
废弃卫生棉,8
废弃卫生纸,8
废弃药品,2
废弃衣服,4
废弃衣物,4
废弃油脂,16
废弃纸张,4
废手机,4
废手纸,8
废书,4
废树叶,16
废塑料,4
废塑料盒,4
废锁头,4
废台式机,4
废毯子,4
废铁,4
废铁锅,4
废铜烂铁,4
废物箱,4
废硒鼓,4
废洗衣机,4
废相纸,2
废橡胶,8
废药,2
废药品,2
废药瓶,2
废衣服,4
废油漆,2
废油漆桶,2
废油桶,4
废织物,4
废植物,16
废纸,4
废纸盒,4
废纸巾,8
废纸箱,4
废纸屑,8
废纸张,4
盆栽废弃树叶,16
破损废旧衣服,4
卫生间废纸,8
医疗废弃用品,0
银行卡废旧,4
洗衣粉,8
粉丝,16
粉碎纸,8
粉碎纸张,8
过期面粉,16
过期奶粉,16
胡椒粉,16
螺蛳粉,16
面粉,16
墨粉,8
墨粉盒,4
奶粉,16
奶粉盖,4
奶粉罐,4
奶粉盒子,4
奶粉桶,4
散粉,8
湿面粉,16
石膏粉,8
石灰粉,8
水粉颜料,8
速溶饮料粉末,16
碳粉,8
碳粉匣,4
糖和藕粉,16
洗衣粉盒,4
洗衣粉瓶,4
小麦粉,16
椰壳粉,16
狗粪,0
鸡粪,8
猫粪,0
鸟粪,0
牛粪,0
猪粪,0
过期未开封食品,16
塑封纸,8
塑料封条,8
信封,4
蜂蜜罐,4
风干食品,16
风扇,4
风衣,4
风油精瓶,4
风筝,8
手风琴,32
缝纫针,8
敷料,8
过期护肤品,8
护肤品,8
护肤品空瓶,4
护肤品容器,4
护肤霜,8
护肤霜瓶,4
润肤露瓶子,4
润肤霜,4
爽肤水瓶,4
破旧衣服,4
服装,4
旧衣服,4
旧衣服属于,4
口服药,2
口服液瓶,2
口服液瓶子,2
烂衣服,4
破衣服,4
衣服,4
衣服挂牌,8
衣服是什么垃圾,4
羽绒服,4
脏污衣服,8
脏衣服,4
腐坏椰子,8
腐肉,16
复写纸,8
复印机,4
复印纸,4
纸塑铝复合,4
富贵竹,16
高附加值可回收物,4
锅盖,8
金属瓶盖,4
酒瓶盖,4
铝盖,4
啤酒盖,4
啤酒瓶盖,4
瓶盖,4
塑料盖,4
酸奶盖,8
铁盖子,4
小塑料盖子,4
指甲盖,8
干瓜子壳,16
干桂圆壳,16
干果,16
干果壳,8
干红枣,16
干花,16
干花生壳,16
干花生皮,16
干货,16
干净塑料,4
干橘子皮,16
干枯花,16
干枯玫瑰花,16
干垃圾,8
干拉圾,8
干辣椒,16
干毛巾,8
干尿裤,8
干树叶,16
干树枝,16
干香菇,16
干蟹壳,16
干药渣,16
干燥剂,8
干纸巾,8
桂圆干壳,16
过期牛肉干,16
烘干机,4
红枣干,16
蓝莓干,16
老干妈辣酱,16
荔枝干壳,16
榴莲干,16
芒果干,16
牛肉干,16
肉干,16
石灰干燥剂,8
食品干,16
食品干燥剂,8
树干,0
水果干,16
香蕉干,16
鸭胗干,16
衣物干燥剂,8
鱼干,16
甘蔗,16
甘蔗皮,8
甘蔗渣,16
晾衣杆,4
铁栏杆,64
玉米杆,16
桔柑,16
竹竿,8
鸡肝,16
感光胶片,2
感光片,2
感冒药,2
性感内裤,8
麦秆,16
农作物秸秆,0
钢化膜,8
钢筋,64
钢琴,32
钢丝,4
钢丝球,8
钢铁,4
旧浴缸,64
烟缸,4
鱼缸,4
浴缸,64
高跟鞋,4
高粱,16
高铁酸钾,2
乐高,4
睫毛膏,8
空牙膏,8
磨砂膏,8
石膏,8
塑料牙膏管,8
塑料牙膏皮,8
烫伤膏,2
雪花膏,8
牙膏,8
牙膏管,8
牙膏罐,8
牙膏皮,8
牙膏软管,8
药膏,8
年糕,16
雪糕纸,8
手写稿,8
广告用纸,4
广告纸,4
小广告,4
鸽子,16
皮革,4
皮革制品,4
蛤蜊,16
蛤蜊壳,8
蛤蜊肉,16
蛤蟆,16
花蛤,16
花蛤壳,8
隔离霜,8
个人计算机,4
各类过期食品,16
各类过期药品,2
树根,16
桔梗,16
工业垃圾,0
工资卡,4
加工类食品,16
金属工具,4
手工纸,8
公交卡,4
公交站牌,0
公仔,4
鸡公煲骨头,16
含汞体温计,2
含汞血压计,2
铁钩,4
狗,0
狗粑粑,0
狗狗尸体,0
狗骨头,8
狗粮,16
狗毛,8
狗肉,16
狗尸体,0
狗屎,0
狗屎纸,8
狗屎紙,8
狗熊,0
死狗,0
死狗死猫,0
小狗,0
小狗尸体,0
野狗,0
水垢,8
菌菇,16
蘑菇,16
香菇,16
墨盒硒鼓,4
晒鼓墨盒,4
硒鼓,4
硒鼓墨盒,4
古筝,4
碎骨,16
碎骨头,16
骨骼内脏,16
骨肉相连,16
骨头,8
骨头渣,16
鸡骨,16
鸡骨架,16
鸡骨头,16
鸡腿骨,16
鸡腿骨头,16
鸡鸭骨,16
鸡鸭骨头,16
肋骨,8
牛骨,8
牛骨头,8
牛排骨,16
牛肉骨头,8
牛头骨,8
牛腿骨,8
牛腿骨头,8
牛蛙骨头,16
排骨,16
排骨骨头,8
肉骨,8
肉骨头,8
肉骨头鱼骨头属于哪类,16
软骨,16
汤骨,8
筒骨,8
筒子骨,8
腿骨,8
小骨,16
小骨头,16
小排骨,16
小排骨头,16
鸭骨,16
鸭骨头,16
鸭腿骨,16
羊骨,8
羊骨头,8
羊腿骨,8
羊蝎子骨头,8
鱼骨,16
鱼骨，虾壳,16
鱼骨头,16
魚骨头,16
猪骨,8
猪骨头,8
猪排骨,16
猪肉骨头,8
猪腿骨,8
猪小骨,16
猪爪骨头,16
谷物,16
鸡屁股,16
香烟屁股,8
鸭屁股,16
烟屁股,8
固体胶,8
雨刮器,8
雨刮器橡胶条,8
瓜,16
瓜果,16
瓜果壳,16
瓜果皮,16
瓜果皮核,16
瓜孑皮,16
瓜壳,16
瓜皮,16
瓜皮果壳,16
瓜皮果皮,16
瓜子,16
瓜子花生壳,16
瓜子壳,16
瓜子皮,16
瓜子仁,16
哈密瓜皮,16
海瓜子,16
黄瓜,16
黄瓜皮,16
烂黄瓜,16
南瓜,16
南瓜皮,16
南瓜子壳,16
丝瓜,16
丝瓜瓤,16
甜瓜,16
西瓜,16
西瓜皮,16
西瓜片,2
西瓜籽,16
西瓜子,16
西瓜子壳,16
香瓜子,16
香瓜子壳,16
挂号纸,4
挂历,4
挂钟,4
护手霜软管,4
铝管,4
牛奶瓶吸管,8
塑料管,4
塑料吸管,8
太阳能热水管,4
吸管,8
阴极射线管,0
针管,8
罐头,4
罐头盒,4
罐头瓶,4
罐头食品,4
过期罐头,4
化妆品罐,4
金枪鱼罐头,4
金属罐,4
金属罐头,4
金属瓶罐,4
金属食品罐,4
可乐罐,4
空罐头,4
空小瓦斯罐,4
零食罐,8
铝罐,4
铝质易拉罐,4
煤气罐,4
煤油罐,4
面霜罐子,4
沐浴乳瓶罐,4
牛奶罐,4
啤酒罐,4
啤酒罐子,4
氢气罐,4
燃油罐,4
肉罐头,4
乳液罐,4
食品罐头,4
食品空罐头,4
食品塑料罐,4
食品用铁罐头,4
薯片罐,8
速食肉罐头,4
塑料罐,4
塑料罐子,4
痰盂罐,4
陶罐,8
铁罐,4
铁罐头,4
铁罐子,4
铁皮罐,4
铁皮罐头,4
压力罐,4
眼霜罐,4
易拉罐,4
饮料罐,4
饮料铝罐,4
油罐,4
油漆罐,2
鱼罐头,4
真空罐,4
光明牛奶盒,4
光盘,8
光盘片,8
光驱,4
荧光手环,8
玫瑰,16
玫瑰花,16
硅胶,8
龟壳,8
乌龟壳,8
桂圆,16
桂圆核,16
桂圆壳,16
桂圆皮,16
柜子,32
书柜,32
铁柜,64
衣柜,32
卫生纸滚筒,4
糖葫芦棍,8
铁棍,4
锅,4
火锅,16
火锅蘸酱,16
金属锅,4
旧铁锅,4
铝锅,4
麻辣香锅,16
破铁锅,4
砂锅,8
铁锅,4
压力锅,4
果核,16
果酱,16
果酱瓶,4
果壳,16
果粒,16
果皮,16
果肉,16
果实,16
果汁盒,4
果汁机,4
果汁瓶,4
果汁渣,16
果汁纸盒,4
火龙果皮,16
坚果,8
坚果果壳,8
坚果壳,8
开心果,8
开心果壳,8
烂苹果,16
烂水果,16
榴莲果核,8
榴莲果皮,8
芒果,16
芒果核,16
芒果皮,16
牛油果,16
牛油果核,8
牛油果壳,16
牛油果皮,16
苹果,16
苹果果核,16
苹果核,16
苹果壳,16
苹果皮,16
苹果手机,4
苹果屑,16
苹果杍,16
圣女果,16
蔬果,16
蔬果皮,16
水果,16
水果果肉,16
水果盒,8
水果茎枝,16
水果皮,16
水果塑料套,8
水果纸箱,4
塑料水果盒,4
塑料水果筐,4
糖果,16
糖果纸,8
无花果壳,16
夏威夷果,8
夏威夷果壳,8
腰果,16
硬果壳,8
硬果皮,8
柚子果肉,16
纸制糖果礼盒,4
过滤盒,8
过滤器,8
过滤芯,8
过期,0
过期化妆品,8
过期胶囊药物,2
过期口红,8
过期零食,16
过期猫粮,16
过期灭火器,4
过期农药,2
过期日历,4
过期食品,16
过期食物,16
过期筒装食品,16
过期卫生纸,8
过期药,2
过期药片,2
过期药品,2
过期药水,2
过期药物,2
过期隐形眼镜,8
过期芝麻酱,16
过期芝士,16
过期指甲油,2
过塑膜,8
净水器过滤,8
没用过尿片,8
使用过卫生纸,8
香烟过滤嘴,8
用过卫生纸,8
用过纸巾,8
哈士奇,0
孩子尿片,8
小孩子,0
海螺,16
海绵,8
海绵纸,8
海狮,0
海苔,16
海鲜,16
海鲜壳,8
海鲜纸盒,8
海洋球,4
湿海绵,8
有害垃圾,2
焊丝,4
焊锡,0
焊锡丝,0
汗衫,4
取号纸,8
合金玩具,4
沥青混合料,0
铝合金,4
护手霜盒,4
护手霜盒子,4
馄饨盒,8
金属盒,4
旧墨盒,4
旧纸盒,4
可降解塑料盒,4
空纸盒,4
快速面盒,8
拉面盒子,8
乐扣乐扣塑料盒,4
冷饮盒,8
利乐盒,4
墨盒,4
木盒,4
奶盒,4
牛奶盒,4
牛奶盒子,4
牛奶利乐盒,4
牛奶纸盒,4
泡面盒,8
泡面盒子,8
泡沫盒,4
泡沫盒子,4
泡沫纸盒,4
披萨盒,8
披萨盒子,8
巧克力盒子,8
食品盒,8
食品塑料盒,8
食品铁盒,4
食品纸盒,8
试剂盒,2
收纳盒,4
薯片盒,8
薯片盒子,8
薯片纸盒,8
水饺盒,8
塑胶盒,4
塑料盒,4
塑料盒纸,4
塑料盒子,4
塑料收纳盒,4
塑料酸奶盒,4
酸奶盒,4
酸奶纸盒,4
铁盒,4
铁皮盒,4
外卖盒,8
外卖盒子,8
外卖塑料盒,8
外卖纸盒,8
文具盒,4
锡纸盒,8
鲜奶盒,4
香烟盒,4
小米盒子,4
鞋盒,4
牙签盒,8
烟盒,8
眼镜盒,8
药片盒,2
音乐盒,8
饮料盒,4
硬塑料盒,4
蘸酱盒,8
纸盒,4
纸盒子,4
纸巾盒,4
纸酸奶盒,4
纸质酸奶盒,4
河豚,16
贺卡,4
黑框眼镜,8
黑色垃圾桶,4
黑曜石,8
黑珍猪,16
黑猪,16
烘手器,4
红酒瓶,4
红酒瓶瓶塞,8
红领巾,4
红木家具,32
红烧肉,16
红薯,16
红薯皮,16
红糖,16
红枣,16
红枣核,16
口红,8
西红柿,16
猕猴桃,16
呼叫器,4
珊瑚,8
滤水壶滤芯,8
暖水壶,4
塑料牛奶壶,4
塑料油壶,4
养身壶,4
养生壶,4
油壶,4
中药壶,8
胡桃壳,8
胡子,8
浆糊,8
虎牙,8
护脸霜瓶,4
护目镜,8
护手霜,8
花,16
花卉,16
花卉绿植,16
花卉植物,16
花甲,16
花甲壳,16
花椒,16
花篮,8
花露水瓶,4
花螺,16
花泥,8
花盆,8
花洒,4
花生,16
花生壳,16
花生米,16
花生衣,16
花生油桶,4
花叶,16
鸡米花,16
家庭花卉,16
酒精棉花,8
葵花籽,16
葵花籽壳,16
葵花子壳,16
落花生,16
棉花,8
棉花签,8
棉花球,8
棉花胎,4
棉花糖,16
湿花生,16
湿花生壳,16
水煮花生壳,16
死花,16
塑料花,8
塑料花盆,4
塑料花瓶,4
塑料假花,8
碎花瓶,8
西兰花,16
鲜花,16
绣花针,8
樱花,16
煮花生壳,16
装饰花,8
华为手机,4
金华火腿,16
精华液瓶,4
润滑剂,8
润滑油,8
画画颜料,8
画画纸,8
画纸,4
胶画,8
漫画,4
漫画书,4
名画,8
铅画纸,8
图画,8
油画,8
化纤衣物,4
化学试剂,2
化妆棉,8
化妆品空瓶,4
化妆刷,8
化妆水瓶,4
家庭绿化,16
空气净化器,4
空气净化器滤网,8
空气净化器滤芯,8
绿化,16
绿化修剪物,16
膨化食品,16
话梅,16
话筒,4
坏垃圾桶,4
坏马桶,64
坏手机,4
坏椅子,32
环氧树脂,8
手环,8
黄金,4
黄酒瓶,4
黄泥螺,16
黄芪,16
黄沙,64
黄桃,16
黄油,16
黄鱼,16
灰,8
煤灰,8
生石灰,8
石灰,64
石灰石,8
碳灰,8
蚊香灰,8
香灰,8
香烟灰,8
香烟灰烬,8
烟灰,8
徽章,8
回收物,4
回形针,8
可回收,4
可回收垃圾,4
可回收物,4
会员卡,4
婚戒,4
结婚证书,4
活性炭,8
活性炭滤芯,8
火机,8
火山石,8
火腿,16
空灭火器,4
灭火器,4
家庭装潢垃圾,64
建筑垃圾,0
旧垃圾桶,4
居民家庭装潢垃圾,64
居民装潢垃圾,64
垃圾桶,4
垃圾箱,4
绿色垃圾桶,4
毛垃圾,0
泡沫垃圾,4
泡沫箱属于什么垃圾,4
其他垃圾桶,4
树叶是那种垃圾,16
卫生纸什么垃圾,8
装潢垃圾,64
装修垃圾,64
机箱,4
机油,0
机油桶,4
计算机,4
计算机零件,4
旧收音机,4
旧手机,4
旧照相机,4
冷暖气机,4
录音机,4
摄像机,4
收录音机,4
收音机,4
手机,4
手机卡,8
手机壳,8
手机膜,8
手机屏幕,4
拖拉机,0
拖排油烟机,32
脱排油烟机油渣,16
脱水机,4
无人机,4
洗衣机,4
相机,4
饮水机,4
游戏机,4
有机溶剂,2
照相机,4
积木,4
木积木,4
塑料积木,4
鸡,16
鸡精,16
鸡毛,8
鸡排,16
鸡皮,16
鸡肉,16
鸡屎,0
鸡头,16
鸡腿,16
鸡胸,16
鸡鸭鱼,16
鸡杂碎,16
鸡爪,16
烧鸡,16
生鸡,16
鸭毛鸡毛,8
原味鸡,16
炸鸡,16
炸鸡腿,16
书籍,4
集装箱,0
急支糖浆,2
月季,16
灭蚊剂,2
灭蚊剂瓶,2
杀菌剂,2
食品用脱氧剂,8
脱氧剂,8
药剂,2
油漆稀释剂,2
计算器,4
水银体温计,2
水银血压计,2
体温计,2
血压计,4
记事贴,4
夹克,4
金属夹子,4
塑胶制资料夹,4
铁夹子,4
文件夹,4
燕尾夹,4
衣夹,8
家具,32
家禽内脏,16
家庭盆栽树叶,16
家养绿植,16
旧家具,32
旧木家具,32
木制旧家具,32
木质家具,32
加湿器,4
甲油,2
甲油胶,2
甲油瓶,2
甲鱼,16
甲鱼壳,8
脚指甲,8
手指甲,8
手指甲脚趾甲,8
指甲,8
指甲剪,4
指甲片,8
指甲钳,4
指甲水,2
指甲油,2
指甲油瓶,2
假睫毛,8
假头套,8
假牙,8
金属衣架,4
金属制衣架,4
旧塑料晾衣架,4
篮球架,0
沥水架,4
晾衣架,4
木头衣架,4
书架,32
塑胶制衣架,4
塑料晾衣架,4
塑料衣架,4
铁架,4
眼镜架,8
卫生间用纸,8
卫生间纸,8
卫生间纸巾,8
煎鍋,4
生煎,16
剪纸,8
剪子,4
键盘,4
金属元件,4
蜜饯,16
姜,16
生姜,16
麻将牌,8
麻将台,4
咳嗽糖浆,2
蕃茄酱,16
酱料,16
酱油瓶,4
酱汁,16
空酱油瓶,4
辣酱,16
辣椒酱,16
肉酱,16
沙拉酱,16
蘸酱,16
可降解塑料,4
烂香蕉,16
香蕉,16
香蕉皮,16
香蕉片,16
辣椒,16
胶卷,2
胶囊,2
胶囊药片,2
胶片,2
胶水,8
胶纸,8
乳胶漆,2
乳胶手套,8
乳胶枕,8
双面胶,8
塑胶手套,4
塑胶玩具,4
塑胶碗,4
塑胶制品,4
塑胶制容器,4
塑胶桌,4
塑胶桌椅,32
透明胶,8
万能胶水,8
橡胶,8
橡胶轮胎,0
橡胶手套,8
橡胶线,8
橡胶制品,8
亚克力胶水,8
药物胶囊,2
粘鼠胶,2
交通卡,4
泔脚,16
脚皮,8
猪脚,16
菱角,16
牛角,8
饺子,16
水饺,16
桔,16
桔皮,16
桔子,16
桔子皮,16
烂桔,16
烂桔子,16
清洁瓶,4
洗洁精,0
洗洁精瓶,4
洗洁精瓶子,4
指纹清洁纸,8
戒指,4
金戒指,4
歺巾纸,8
旧毛巾,8
毛巾,8
棉柔巾,8
棉质卫生巾,8
面巾纸,8
女卫生巾,8
湿巾,8
湿巾纸,8
湿巾紙,8
湿卫生巾,8
湿纸巾,8
受污纸巾,8
丝巾,4
围巾,4
卫生巾,8
卫生纸巾,8
衛生巾,8
洗脸巾,8
卸妆巾,8
姨妈巾,8
浴巾,8
脏纸巾,8
纸巾,8
紙巾,8
牛筋,16
皮筋,8
橡皮筋,8
金鱼,16
金属,4
金属拉链,4
金属瓶,4
金属食品桶,4
金属丝,4
金属制品,4
金属制容器,4
金子,4
小金鱼,16
液晶屏,4
酒精,0
酒精棉,8
酒精棉片,8
酒精棉球,8
酒精片,8
味精,16
香精,8
镜框,8
镜子,8
旧镜子,8
墨镜,8
望远镜,4
眼镜,8
隐形眼镜,8
隐形眼镜片,8
净水滤芯,8
净水器,4
净水器滤芯,8
针灸针,8
酒酿,16
酒瓶,4
酒瓶塞子,8
酒瓶子,4
空酒瓶,4
料酒瓶,4
啤酒瓶,4
葡萄酒瓶,4
塑料啤酒瓶,4
旧裤子,4
旧筷子,8
旧轮胎,0
旧帽子,4
旧棉絮,4
旧内裤,8
旧内衣,8
旧皮球,4
旧皮鞋,4
旧皮靴,4
旧皮衣,4
旧书,4
旧书桌,32
旧塑料篮子,4
旧袜子,8
旧玩具,4
旧玩偶,4
旧鞋,4
旧鞋子,4
旧牙刷,8
旧衣裤,4
旧衣物,4
旧音箱,4
旧雨伞,8
旧照片,2
旧枕头,4
旧桌椅,32
旧桌子,32
破旧凉席,8
收据,4
数据线,4
毛绒玩具,4
木制玩具,4
皮具,4
绒毛玩具,4
塑料玩具,4
塑料文具,4
玩具,4
玩具熊,4
卷筒卫生纸纸芯,4
卷烟,8
卷纸,8
卷纸筒,8
卷纸芯,4
卷子,4
考卷,4
考试卷,4
试卷,4
卡,8
卡纸,4
联通卡,8
塑料卡片,4
显卡,4
信用卡,4
银行卡,4
糠,16
烤箱,4
靠枕,4
螃蟹壳,16
蟹壳,16
槟榔壳,16
蛏子壳,8
核桃壳,8
蚧壳,16
荔枝壳,16
栗子壳,16
榴莲壳,8
龙虾壳,16
龙眼壳,16
螺师壳,16
螺狮壳,16
螺蛳壳,16
牡蛎壳,8
青蟹壳,16
山竹壳,16
生蚝壳,8
熟虾壳,16
松子壳,8
粟子壳,16
塑料壳,8
笋壳,16
蜗牛壳,8
虾壳,16
虾仁壳,16
香榧壳,16
香榧子壳,8
香榧子外壳,16
香烟壳,4
小核桃壳,8
小龙虾壳,16
蟹虾壳,16
杏仁壳,16
雪蟹蟹壳,16
牙刷壳,8
药品壳子,2
椰壳,8
椰青壳,8
椰子壳,8
玉米壳,8
榛子壳,8
纸壳,4
竹笋壳,16
粽叶壳,8
粽子壳,8
可口可乐瓶,4
可乐,16
可乐瓶,4
塑料可乐瓶,4
扑克,4
扑克牌,4
巧克力,16
亚克力,4
课桌,32
空气滤芯,8
空水瓶,4
空涂料桶,2
空药瓶,2
空饮料瓶,4
空油瓶,4
空油漆桶,2
水乳空瓶,4
塑料空瓶,4
洗衣液空瓶,4
螺丝孔,4
遥控器,4
口香糖,8
口罩,8
漱口水瓶子,4
雾霾口罩,8
纽扣,8
钮扣,8
塑料纽扣,4
枯树叶,16
枯树枝,16
枯叶,16
枯枝,16
裤袜,4
裤子,4
拉拉裤,8
连裤袜,4
内裤,8
内衣裤,8
内衣内裤,8
尿裤,8
牛仔裤,4
皮裤,4
湿纸尿裤,8
衣裤,4
游泳裤,4
纸尿裤,8
水泥块,64
铁块,4
一块墙皮,8
砖块,64
筷子,8
木筷,4
木筷子,4
塑料筷子,4
竹筷,8
塑料筐,4
塑料篮筐,4
相框,4
矿泉水瓶,4
矿泉水瓶子,4
矿水瓶,4
头盔,8
拉链,8
蜡纸,8
蜡烛,8
生日蜡烛,8
腊肉,16
辣条,16
麻辣烫,16
剩莱,16
自来水滤芯,8
篮球,4
塑料篮,4
塑料篮子,4
竹篮,8
烂树叶,16
烂桃,16
烂叶子,16
烂猪肉,16
破铜烂铁,4
槟榔,16
槟榔皮,16
榔头,4
老鼠,0
老鼠药,2
死老鼠,16
奶酪,16
乐事薯片,16
利乐枕,4
利乐砖,4
肋排,16
鱼类,16
纸张类,4
瓦楞纸,4
冷饮,8
梨,16
梨核,16
离心纸,8
李子核,8
行李箱,32
荔枝核,16
栗子,16
麦丽素,16
日历,4
台历,4
沥青,0
琉璃,4
莲藕,16
莲蓬,16
莲雾,16
榴莲核,8
榴莲皮,8
榴莲肉,16
连衣裙,4
塑料脸盆,4
项链,4
粮食,16
猫粮,16
凉皮,16
凉席,8
少量泥土,8
猫饲料,16
木料,64
沐浴露塑料,4
沐浴露塑料瓶,4
牛奶塑料瓶,4
泡沫塑料,4
水性涂料桶,2
饲料,16
塑料,4
塑料模型,4
塑料膜,8
塑料牛奶瓶,4
塑料泡沫,4
塑料泡泡,8
塑料盆,4
塑料瓶,4
塑料勺,8
塑料勺子,4
塑料绳,8
塑料手套,8
塑料梳子,4
塑料水瓶,4
塑料酸奶瓶,4
塑料毯子,4
塑料糖纸,8
塑料桶,4
塑料托盘,4
塑料碗,4
塑料碗（盆）,4
塑料碗塑料盆,4
塑料箱,4
塑料小瓶,4
塑料小扇子,8
塑料鞋,4
塑料牙刷,8
塑料药瓶,2
塑料椅子,4
塑料饮料瓶,4
塑料油瓶,4
塑料油桶,4
塑料雨衣,8
塑料纸,8
塑料紙,8
塑料制品,4
酸奶塑料瓶,4
涂料,2
涂料桶,2
污损塑料,8
颜料,8
饮料瓶,4
硬塑料,4
油塑料瓶,4
盘尼西林,2
鱼鳞,16
零食,16
马铃薯,16
马铃薯片,16
哑铃,4
毛领子,4
溜溜球,8
石榴皮,16
硫酸,0
镇流器,4
龙虾,16
尼龙绳,8
尼龙丝袜,8
尼龙制品,8
小龙虾,16
小龙虾头,16
鸟笼,8
芦荟,16
芦稷,16
芦稷皮,8
芦苇叶,8
甜芦黍,16
甜芦粟,16
甜芦粟皮,8
甜卢蜀,16
炉渣,8
沐浴露瓶,4
路由器,4
无线路由器,4
铝,4
铝喷雾瓶,4
铝盆,4
铝瓶子,4
铝塑,64
铝制品,4
滤清器,8
滤网,8
滤芯,8
水滤芯,8
绿萝,16
绿箩,16
绿叶,16
绿植,16
轮毂,0
轮胎,0
实心轮胎,0
螺帽,4
螺狮,16
螺丝,4
螺蛳,16
螺蛳肉,16
田螺,16
落叶,16
麻绳,8
芝麻,16
密码锁,4
马,0
马肉,16
马桶,64
马桶刷,8
马桶纸,8
麦子,16
烧卖,16
馒头,16
蔓藤,16
藤蔓,16
猫,0
猫粑粑,0
猫毛,8
猫咪,0
猫沙,8
猫沙猫屎,0
猫砂,8
猫屎,0
死猫,0
松木猫砂,8
熊猫,0
貂毛,8
睫毛刷,8
毛毯,4
毛线,4
毛衣,4
毛竹,8
鸭毛,8
羊毛,4
羊毛衫,4
羊毛毯,4
羽毛,8
羽毛球,8
羽毛球拍,8
猪毛,8
帽子,4
太阳帽,4
浴帽,8
遮阳帽,4
杨梅,16
煤渣,8
美容仪,4
美术黏土,8
美瞳,8
美元,0
日抛美瞳,8
门,64
门锁,4
木门,64
铁门,64
柠檬,16
席梦思,32
米,16
生米,16
小米,16
玉米,16
玉米皮,8
玉米穗,16
玉米心,16
玉米芯,16
玉米叶,8
玉米衣,8
玉米渣,16
珍珠米,16
棉,4
棉签,8
棉球,8
棉绳,8
棉袜,4
棉线,8
泡棉纸,8
泡沫棉,4
卫生棉,8
卫生棉条,8
卸妆棉,8
医用棉签,0
医用棉球,0
擀面杖,4
面,16
面膜,8
面膜纸,8
面霜,8
面条,16
面纸,8
泡面,16
泡面桶,8
泡面纸碗,8
吸油面纸,8
洗面奶,8
洗面乳,8
明信片,4
三明治,16
说明书,4
纸质说明书,4
名片,4
农膜,0
农业农膜,0
气泡膜,8
摩丝,8
墨囊,8
墨囊瓶,8
墨水瓶,4
墨水纸,4
墨襄,8
墨鱼,16
泡沫,4
泡沫碗,4
泡沫箱,4
泡沫箱子,4
泡沫纸,8
肉沫,16
碎泡沫,8
牡蛎肉,16
屏幕,4
显示屏幕,4
荧幕,4
木屐,4
木塞,8
木梳,4
木梳子,4
木炭,8
木桶,4
木碗,4
木箱,32
木屑,8
木椅,32
木椅子,32
木制品,4
木制梳子,4
木制音箱,4
木桌,32
软木塞,8
收纳箱,4
奶牛,0
奶片,16
奶油,16
奶罩,8
牛奶瓶,4
牛奶桶,4
人造奶油,16
猪脑,16
闹钟,4
内衣,8
内脏,16
女生内衣,8
情趣内衣,8
鱼内脏,16
太阳能热水器,4
泥,0
水泥,64
橡皮泥,8
印泥,8
淤泥,0
鸟屎,0
尿片,8
纸尿片,8
牛,16
牛排,16
牛皮,4
牛皮纸,4
牛肉,16
牛蛙,16
牛尾,16
牛杂,16
农药,0
农药片,2
农药瓶,2
女性卫生用品,8
暖瓶,4
泰诺,2
呕吐物,16
玩偶,4
手帕,16
排泄物,0
小排,16
铜牌,4
盘子,8
软盘,8
食物托盘,4
硬盘,4
优盘,4
乒乓球,8
泡馍,16
泡泡糖,8
泡泡纸,8
气泡纸,8
剃须泡瓶,4
水培植物,16
喷蟑螂瓶,2
雅漾喷雾,8
盆栽,16
盆栽树叶,16
盆栽植物,16
帐篷,4
披萨,16
雨披,8
貂皮,4
橘皮,16
橘子皮,16
皮皮虾,16
皮球,4
皮手套,4
皮箱,4
皮鞋,4
皮屑,8
皮靴,4
皮衣,4
葡萄皮,16
墙皮,64
肉皮,16
三文鱼皮,16
砂皮,8
砂皮纸,8
山芋皮,16
山竹皮,16
书皮,8
树皮,16
蒜皮,16
笋皮,16
桃子皮,16
铁皮,4
铜皮,4
头皮屑,8
西柚皮,16
虾皮,16
橡皮,8
橡皮屑,8
椰子皮,8
油皮纸,8
柚子皮,16
鱼皮,16
纸皮,4
猪皮,16
棕子皮,8
粽子皮,8
肉片,16
三文鱼片,16
山楂片,16
薯片,16
水煮肉片,16
碎片纸张,8
碎碗片,8
碎纸片,8
瓦片,64
蚊香片,8
相片,4
相片纸,2
芯片,4
药片,2
叶片,16
照片,2
照片纸,2
芝士片,16
纸片,4
竹片,8
紫砂碎片,8
票,8
收银小票,4
小票,4
情趣用品,8
乳制品,16
食品,16
饰品,8
铁制品,4
药品,2
印刷品,4
印刷制品,4
竹制品,8
油瓶,4
汽水瓶,4
驱蚊瓶,4
熱水瓶內膽,4
乳液瓶,4
食物油瓶,4
铁瓶子,4
洗手液瓶,4
洗衣液瓶,4
洗衣液瓶子,4
香水瓶,4
香油瓶,4
鞋油瓶,8
修正液瓶子,8
压缩瓶,4
药瓶,2
液体药瓶,2
破袜子,4
破碗,8
破衣物,4
猪肉铺,16
葡萄,16
葡萄藤,16
葡萄枝,16
葡萄籽,16
漆桶,2
水性漆,2
油漆,2
油漆桶,2
象棋,8
曲奇,16
陶器,8
铁器,4
吸湿器,4
显示器,4
注射器,8
自慰器,4
气球,8
氢气球,8
汽油,0
汽油桶,4
蒸汽眼罩,8
铅桶,4
铅芯,8
书签,8
牙签,8
竹签,8
竹签子,8
竹牙签,8
墙刷,8
墙纸,8
茄子,16
小提琴,32
青蟹,16
青椰,8
琼脂,16
营养琼脂,16
秋衣,4
球鞋,4
仙人球,16
瑜伽球,4
足球,4
小区树叶,0
甜甜圈,16
铁圈,4
围裙,4
污染纸张,8
退热贴,8
香榧子仁,16
小核桃仁,16
杏仁,16
人造纤维,8
仙人掌,16
绒娃娃,4
绒线衣,4
蛏子肉,16
螃蟹肉,16
肉,16
肉肉,16
肉渣,16
生肉,16
生猪肉,16
手撕猪肉,16
兔肉,16
鸭肉,16
羊肉,16
椰子肉,16
鱼肉,16
猪肉,16
猪头肉,16
走油肉,16
沐浴乳,8
乳牙,8
身体乳,8
软糖,16
三文鱼,16
伞,8
雨伞,8
桑叶,16
扫帚,8
砂纸,8
沙,64
沙子,64
纱手套,4
山芋,16
山竹,16
洋山芋,16
扇子,8
折扇,8
上衣,4
勺子,4
摄像头,4
生蚝,16
湿卫生纸,8
维生素,2
卫生纸,8
卫生纸纸芯,4
再生纸,4
绳子,8
头绳,8
湿纸,8
尸体,0
死尸,0
石头,64
石子,64
碎石子,64
吸铁石,4
小石子,8
萤石,8
砖石,64
装饰石,64
装饰石头,64
钻石,4
食物,16
食用油桶,4
屎,0
芝士,16
试纸,8
血糖试纸,8
收银台,32
收银条,4
手套,4
手纸,8
洗碗手套,8
医用手套,8
银手镯,4
寿司,16
梳子,8
书,4
书桌,32
数学书,4
图书,4
英语书,4
语文书,4
证书,4
作文书,4
薯条,16
树叶,16
树枝,16
树枝叶,16
树脂,8
牙刷,8
印刷纸,4
眼霜,8
水银,2
瓦斯桶,4
相思子,16
丝袜,8
铁丝,4
钨丝,4
死螃蟹,16
死鸭子,16
死鱼,16
死蟑螂,16
松子,8
蒜,16
碎陶,8
碎碗,8
碎纸,4
碎纸屑,8
碎紙,8
污损纸张,8
竹笋,16
梭子蟹,16
锁,4
锁头,4
铁制印台,4
印台,8
碳纤维,8
鱼汤,16
糖,16
糖纸,8
血糖针,8
蔗糖,16
桃核,8
桃子,16
桃子核,8
樱桃,16
套套,8
外套,4
鞋套,8
枕套,4
藤席,8
猪蹄,16
猪蹄子,4
蹄髈,16
铁条,4
虾条,16
鲜虾条,16
油条,16
枝条,8
纸条,8
贴纸,8
铁,4
铁鎚头,4
铁桶,4
铁碗,4
铁箱,4
油桶,4
针筒,8
纸筒,4
兔头,16
虾头,16
香烟头,8
烟头,8
鱼头,16
芋头,16
针头,8
枕头,4
纸头,4
猪头,16
砖头,64
钻头,4
图章,8
图纸,4
渣土,0
线团,8
纸团,8
鸭腿,16
拖鞋,4
洋娃娃,4
砖瓦,64
袜子,4
药丸,2
蟑螂丸,8
碗,8
网线,4
鱼网,8
卫衣,4
蚊香,8
蚊帐,4
蚊子,16
文胸,8
文竹,16
燕窝,16
舊衣物,4
衣物,4
织物,4
植物,16
植物叶子,16
置物箱,32
西药,2
西柚,16
西装,4
吸油纸,8
锡纸,8
席子,8
竹席,8
虾,16
腌笃鲜,16
咸鱼,16
线,8
牙线,8
针线,8
粽子 线,8
相纸,2
照相纸,2
茴香,16
香烟,8
香皂,8
音箱,4
硬纸箱,4
纸箱,4
纸箱子,4
音响,4
象牙,8
羊蝎子,8
鞋,4
鞋子,4
雨鞋,4
写字纸,4
卸妆油,8
螃蟹,16
蟹,16
蟹汁,16
纸屑,8
砖屑,64
枕芯,4
纸芯,4
胸罩,8
熊,0
宣纸,8
雨靴,4
鸭血,16
鸭,16
鸭子,16
牙,8
烟叶,16
盐,16
眼影,8
羊,0
洋装,4
药渣,16
炸药,0
蟑螂药,2
中药,16
中药药渣,16
中药渣,16
中药渣渣,16
椰子,8
椰子殼,8
枇杷叶,16
叶,16
叶子,16
枝叶,16
棕叶,8
棕子叶,8
粽叶,8
粽子叶,8
粽子叶子,8
雨衣,8
椅子,32
桌椅,32
桌子椅子,32
座椅,32
影印纸,4
油渣,16
油渣子,16
油脂,16
油纸,8
猪油,16
鱿鱼,16
鱼,16
章鱼,16
玉,8
玉镯,4
芋艿,16
芋圆,16
杂志,4
枣,16
枣核,16
枣子核,16
粘纸,8
纸张,4
珍珠,4
针,8
蜘蛛,16
纸,4
钟,8
粥,16
猪,16
猪爪,16
竹子,8
砖,64
桌子,32
蛏子,16
毽子,8
橘子,16
柚子,16
粽子,16
